{
  "main": {
    "id": "4bb592572d586e77",
    "type": "split",
    "children": [
      {
        "id": "968a5ef0c684b05f",
        "type": "tabs",
        "children": [
          {
            "id": "373d1d0212f388ae",
            "type": "leaf",
            "state": {
              "type": "empty",
              "state": {}
            }
          },
          {
            "id": "ddfa76b5220b2986",
            "type": "leaf",
            "state": {
              "type": "markdown",
              "state": {
                "file": "testando testando.md",
                "mode": "source",
                "source": false
              }
            }
          }
        ],
        "currentTab": 1
      }
    ],
    "direction": "vertical"
  },
  "left": {
    "id": "b8a5cc6c8661dbc3",
    "type": "split",
    "children": [
      {
        "id": "6a709bf45e303df5",
        "type": "tabs",
        "children": [
          {
            "id": "6fcff82cffc4008b",
            "type": "leaf",
            "state": {
              "type": "file-explorer",
              "state": {
                "sortOrder": "alphabetical"
              }
            }
          },
          {
            "id": "e04a94f68b140620",
            "type": "leaf",
            "state": {
              "type": "search",
              "state": {
                "query": "",
                "matchingCase": false,
                "explainSearch": false,
                "collapseAll": false,
                "extraContext": false,
                "sortOrder": "alphabetical"
              }
            }
          },
          {
            "id": "15e27e32d04a002c",
            "type": "leaf",
            "state": {
              "type": "bookmarks",
              "state": {}
            }
          }
        ]
      }
    ],
    "direction": "horizontal",
    "width": 300
  },
  "right": {
    "id": "cdc32ea76fa893ed",
    "type": "split",
    "children": [
      {
        "id": "7510a9a59d48b8a8",
        "type": "tabs",
        "children": [
          {
            "id": "864380e6b6144965",
            "type": "leaf",
            "state": {
              "type": "backlink",
              "state": {
                "file": "testando testando.md",
                "collapseAll": false,
                "extraContext": false,
                "sortOrder": "alphabetical",
                "showSearch": false,
                "searchQuery": "",
                "backlinkCollapsed": false,
                "unlinkedCollapsed": true
              }
            }
          },
          {
            "id": "3d41ab80e244b17d",
            "type": "leaf",
            "state": {
              "type": "outgoing-link",
              "state": {
                "file": "testando testando.md",
                "linksCollapsed": false,
                "unlinkedCollapsed": true
              }
            }
          },
          {
            "id": "2de40e0b045378b8",
            "type": "leaf",
            "state": {
              "type": "tag",
              "state": {
                "sortOrder": "frequency",
                "useHierarchy": true
              }
            }
          },
          {
            "id": "0a718c7fd88724c3",
            "type": "leaf",
            "state": {
              "type": "outline",
              "state": {
                "file": "testando testando.md"
              }
            }
          }
        ]
      }
    ],
    "direction": "horizontal",
    "width": 300
  },
  "left-ribbon": {
    "hiddenItems": {
      "switcher:Abrir a troca rápida": false,
      "graph:Abrir visualização em gráfico": false,
      "canvas:Criar novo canvas": false,
      "daily-notes:Abrir a nota de hoje": false,
      "templates:Inserir modelo": false,
      "command-palette:Abrir paleta de comandos": false
    }
  },
  "active": "ddfa76b5220b2986",
  "lastOpenFiles": [
    "2023-11-04.md",
    "testando testando.md",
    "Sem título.canvas"
  ]
}